filename,guid
01_Masaje.mp4,8be53625-c47c-4718-9373-e9a1c99c18ad
Acceso.mp4,3c2598f7-e9b1-4387-9d9c-cc59c40f2b12
balada.mp4,22993077-022a-4c0e-8557-d25a0a80d865
beijaveis.mp4,23997ae9-a7a8-44c0-8559-a2a98a284289
bondage_01.mp4,a6455590-90fe-44da-97d4-0ed224893165
Desafio_01.mp4,d35788b3-8dc8-4ea1-925e-113eb7599d8f
Desafio_02.mp4,fa940074-3925-4eaf-bc69-a7b152ad28d2
Desafio_03.mp4,9dc70d96-4519-48bd-9bf1-d9bc81756f40
Desafio_04.mp4,07396d5b-e218-4015-bfa1-8052b1625de9
Desafio_05.mp4,e7c4c317-66ae-4f7e-90a5-821ce1ad9664
Desafio_06.mp4,89998b03-7911-4238-b5f6-13d6ec06dd70
Desafio_07.mp4,f997840f-30ed-4e36-b5da-ffa7b10d056f
Desafio_08.mp4,c69355cb-0d21-44c3-b935-c6a776430ce5
Desafio_09.mp4,6516e9c3-a989-4ef3-b103-45debb286ed5
Desafio_10.mp4,e0305b13-d534-4865-ab5a-2bb0950ca955
Desafio_11.mp4,68eadc7f-cc4d-419b-a8e9-678d20c30ca0
Desafio_12.mp4,93c37da3-b2cb-4807-bcd4-ea46f105f292
Desafio_13.mp4,70c646ab-4faf-4cf4-8c90-fd9f6a7bf378
Desafio_14.mp4,e82d0389-93f1-4eed-9d31-5e01b539c66a
Desafio_15.mp4,faa495bf-a4d7-483b-a067-c1fe3790469d
Desafio_16.mp4,a135f18b-ee56-4515-b76e-5c58a5952eac
Desafio_17.mp4,bad9f9bd-7854-4c4c-95f7-dcdf15ed30c2
Desafio_18.mp4,cd841c1d-e141-439b-a2ac-56c7f34ccd56
Desafio_19.mp4,6168ee88-1fe7-418d-9693-a93cd91f0614
Desconocidos.mp4,8aab5083-4428-4997-8084-0c0010066c1c
InovandoJuntos.mp4,c5eb25f5-abd2-4593-86ee-de25fbc8b985
Intro.mp4,d2a0c028-95d6-4509-94ac-c0e732e20293
lubrificante_01.mp4,a5beafbd-0c9a-4719-9689-6ae0725435bf
massagens_01.mp4,a0cbb84d-6f69-4503-9b2a-c9c08ca1a415
massagens_02.mp4,4a74e66a-4077-4bad-a85a-a72cb63f6876
producto_01.mp4,5c195ba9-d4c5-4b4a-94dd-f0040b755a70
Roleta.mp4,8cb643c4-093e-4169-b34d-c45446d9d21c
Spotify.mp4,7eccda22-5b34-44c1-aa3f-53f249341ee3
stripteasse.mp4,2d73cd45-8e6f-4383-8ac4-ee849eeebf5f
vibrador.mp4,0df1c5fb-4040-4e6a-8f9c-ad5d131dbbf9
vibrador_02.mp4,968a375b-62ca-49f9-908c-1d404c25ff07
vibrador_03.mp4,764a950b-1a6f-4952-a2be-3a9d039b47e1
vibrador_casal_01.mp4,07ab3540-f288-4532-b68c-a7fe3f6e86af
